<?xml version="1.0" encoding="UTF-8"?>

<CodeSystem xmlns="http://hl7.org/fhir">
  <id value="doseStatus-codes"/>
  <text>
    <status value="generated"/><div xmlns="http://www.w3.org/1999/xhtml"><h2>Vaccination Protocol Dose Status codes</h2><div><p>A bunch of example codes</p>
</div><p>This code system http://www.fhir.org/guides/ig-template/CodeSystem/doseStatus-codes defines the following codes:</p><table class="codes"><tr><td><b>Code</b></td><td><b>Display</b></td><td><b>Definition</b></td></tr><tr><td>valid<a name="doseStatus-codes-valid"> </a></td><td>Valid</td><td>Dose is Valid</td></tr><tr><td>not valid<a name="doseStatus-codes-notvalid"> </a></td><td>Not Valid</td><td>Dose is Not Valid</td></tr><tr><td>extraneous<a name="doseStatus-codes-extraneous"> </a></td><td>Extraneous</td><td>Dose is Extraneous</td></tr><tr><td>substandard<a name="doseStatus-codes-substandard"> </a></td><td>Substandard</td><td>Dose is Substandard</td></tr></table></div>
  </text>
  <url value="http://www.fhir.org/guides/ig-template/CodeSystem/doseStatus-codes"/>
  <name value="Vaccination Protocol Dose Status codes"/>
  <status value="draft"/>
  <experimental value="false"/>
  <date value="2017-10-27T16:07:56-04:00"/>
  <contact>
    <telecom>
      <system value="url"/>
    </telecom>
    <telecom>
      <system value="email"/>
    </telecom>
  </contact>
  <description value="A bunch of example codes"/>
  <caseSensitive value="true"/>
  <valueSet value="http://www.fhir.org/guides/ig-template/ValueSet/doseStatus-codes"/>
  <content value="complete"/>
  <concept>
    <code value="valid"/>
    <display value="Valid"/>
    <definition value="Dose is Valid"/>
  </concept>
  <concept>
    <code value="not valid"/>
    <display value="Not Valid"/>
    <definition value="Dose is Not Valid"/>
  </concept>
  <concept>
    <code value="extraneous"/>
    <display value="Extraneous"/>
    <definition value="Dose is Extraneous"/>
  </concept>
  <concept>
    <code value="substandard"/>
    <display value="Substandard"/>
    <definition value="Dose is Substandard"/>
  </concept>
</CodeSystem>