{
  "resourceType": "CodeSystem",
  "id": "forecastStatus-codes",
  "text": {
    "status": "generated",
    "div": "<div xmlns=\"http://www.w3.org/1999/xhtml\"><h2>Forecast Status codes</h2><div><p>a bunch of example codes</p>\n</div><p>This code system http://www.fhir.org/guides/ig-template/CodeSystem/forecastStatus-codes defines the following codes:</p><table class=\"codes\"><tr><td><b>Code</b></td><td><b>Display</b></td><td><b>Definition</b></td></tr><tr><td>A<a name=\"forecastStatus-codes-A\"> </a></td><td>A</td><td>assumed complete or immune</td></tr><tr><td>C<a name=\"forecastStatus-codes-C\"> </a></td><td>C</td><td>complete</td></tr><tr><td>D<a name=\"forecastStatus-codes-D\"> </a></td><td>D</td><td>due</td></tr><tr><td>E<a name=\"forecastStatus-codes-E\"> </a></td><td>E</td><td>error</td></tr><tr><td>F<a name=\"forecastStatus-codes-F\"> </a></td><td>F</td><td>finished</td></tr><tr><td>G<a name=\"forecastStatus-codes-G\"> </a></td><td>G</td><td>aged out</td></tr><tr><td>I<a name=\"forecastStatus-codes-I\"> </a></td><td>I</td><td>immune</td></tr><tr><td>L<a name=\"forecastStatus-codes-L\"> </a></td><td>L</td><td>due later</td></tr><tr><td>N<a name=\"forecastStatus-codes-N\"> </a></td><td>N</td><td>not complete</td></tr><tr><td>O<a name=\"forecastStatus-codes-O\"> </a></td><td>O</td><td>overdue</td></tr><tr><td>R<a name=\"forecastStatus-codes-R\"> </a></td><td>R</td><td>no results</td></tr><tr><td>S<a name=\"forecastStatus-codes-S\"> </a></td><td>S</td><td>complete for season</td></tr><tr><td>U<a name=\"forecastStatus-codes-U\"> </a></td><td>U</td><td>unknown</td></tr><tr><td>V<a name=\"forecastStatus-codes-V\"> </a></td><td>V</td><td>Consider</td></tr><tr><td>W<a name=\"forecastStatus-codes-W\"> </a></td><td>W</td><td>waivered</td></tr><tr><td>X<a name=\"forecastStatus-codes-X\"> </a></td><td>X</td><td>contraindicated</td></tr><tr><td>Z<a name=\"forecastStatus-codes-Z\"> </a></td><td>Z</td><td>recommended but not required</td></tr></table></div>"
  },
  "url": "http://www.fhir.org/guides/ig-template/CodeSystem/forecastStatus-codes",
  "name": "Forecast Status codes",
  "status": "draft",
  "experimental": false,
  "date": "2017-10-27T16:07:56-04:00",
  "contact": [
    {
      "telecom": [
        {
          "system": "url"
        },
        {
          "system": "email"
        }
      ]
    }
  ],
  "description": "a bunch of example codes",
  "caseSensitive": true,
  "valueSet": "http://www.fhir.org/guides/ig-template/ValueSet/forecastStatus-codes",
  "content": "complete",
  "concept": [
    {
      "code": "A",
      "display": "A",
      "definition": "assumed complete or immune"
    },
    {
      "code": "C",
      "display": "C",
      "definition": "complete"
    },
    {
      "code": "D",
      "display": "D",
      "definition": "due"
    },
    {
      "code": "E",
      "display": "E",
      "definition": "error"
    },
    {
      "code": "F",
      "display": "F",
      "definition": "finished"
    },
    {
      "code": "G",
      "display": "G",
      "definition": "aged out"
    },
    {
      "code": "I",
      "display": "I",
      "definition": "immune"
    },
    {
      "code": "L",
      "display": "L",
      "definition": "due later"
    },
    {
      "code": "N",
      "display": "N",
      "definition": "not complete"
    },
    {
      "code": "O",
      "display": "O",
      "definition": "overdue"
    },
    {
      "code": "R",
      "display": "R",
      "definition": "no results"
    },
    {
      "code": "S",
      "display": "S",
      "definition": "complete for season"
    },
    {
      "code": "U",
      "display": "U",
      "definition": "unknown"
    },
    {
      "code": "V",
      "display": "V",
      "definition": "Consider"
    },
    {
      "code": "W",
      "display": "W",
      "definition": "waivered"
    },
    {
      "code": "X",
      "display": "X",
      "definition": "contraindicated"
    },
    {
      "code": "Z",
      "display": "Z",
      "definition": "recommended but not required"
    }
  ]
}