{
  "resourceType": "OperationDefinition",
  "id": "cdsi-forecast-operation",
  "text": {
    "status": "generated",
    "div": "<div xmlns=\"http://www.w3.org/1999/xhtml\">\n\t\t\t<h2>CDS-Immunization Forecast</h2>\n\t\t\t<p>OPERATION: CDS-Immunization Forecast</p>\n\t\t\t<div>\n\t\t\t\t<p>This is a Clinicial Decision Support Immunization Forecast Request operation. It provides a standardized request and response interfaces to Immunization Forecasters.</p>\n\t\t\t</div>\n\t\t\t<p>URL: [base]/Paramters/$cds-immunization-forecast</p>\n\t\t\t<p>Parameters</p>\n\t\t\t<table class=\"grid\">\n\t\t\t\t<tr>\n\t\t\t\t\t<td>\n\t\t\t\t\t\t<b>Use</b>\n\t\t\t\t\t</td>\n\t\t\t\t\t<td>\n\t\t\t\t\t\t<b>Name</b>\n\t\t\t\t\t</td>\n\t\t\t\t\t<td>\n\t\t\t\t\t\t<b>Cardinality</b>\n\t\t\t\t\t</td>\n\t\t\t\t\t<td>\n\t\t\t\t\t\t<b>Type</b>\n\t\t\t\t\t</td>\n\t\t\t\t\t<td>\n\t\t\t\t\t\t<b>Binding</b>\n\t\t\t\t\t</td>\n\t\t\t\t\t<td>\n\t\t\t\t\t\t<b>Documentation</b>\n\t\t\t\t\t</td>\n\t\t\t\t</tr>\n\t\t\t\t<tr>\n\t\t\t\t\t<td>IN</td>\n\t\t\t\t\t<td>assessmentDate</td>\n\t\t\t\t\t<td>1..1</td>\n\t\t\t\t\t<td><a href=\"http://build.fhir.org/datatypes.html#date\">date</a></td>\n\t\t\t\t\t<td/>\n\t\t\t\t\t<td>\n\t\t\t\t\t\t<div>\n\t\t\t\t\t\t\t<p>The date on which to assess the forecast</p>\n\t\t\t\t\t\t</div>\n\t\t\t\t\t</td>\n\t\t\t\t</tr>\n\t\t\t\t<tr>\n\n\n\t\t\t\t\t<td>IN</td>\n\t\t\t\t\t<td>patient</td>\n\t\t\t\t\t<td>1..1</td>\n\t\t\t\t\t<td><a href=\"cdsi-patient.html\">Patient</a></td>\n\t\t\t\t\t<td>\n\t\t\t\t\t</td>\n\t\t\t\t\t<td>\n\t\t\t\t\t\t<div>\n\t\t\t\t\t\t\t<p>Patient information (only gender and birthDate)</p>\n\t\t\t\t\t\t</div>\n\t\t\t\t\t</td>\n\t\t\t\t</tr>\n\t\t\t\t<tr>\n\n\t\t\t\t\t<td>IN</td>\n\t\t\t\t\t<td>immunization</td>\n\t\t\t\t\t<td>0..*</td>\n\t\t\t\t\t<td><a href=\"cdsi-immunization.html\">Immunization</a></td>\n\t\t\t\t\t<td/>\n\t\t\t\t\t<td>\n\t\t\t\t\t\t<div>\n\t\t\t\t\t\t\t<p>Patient immunization history</p>\n\t\t\t\t\t\t</div>\n\t\t\t\t\t</td>\n\t\t\t\t</tr>\n\t\t\t\t<tr>\n\t\t\t\t\t<td>OUT</td>\n\t\t\t\t\t<td>recommendation</td>\n\t\t\t\t\t<td>1..1</td>\n\t\t\t\t\t<td><a href=\"cdsi-immunizationrecommendation.html\">ImmunizationRecommendation</a></td>\n\t\t\t\t\t<td/>\n\t\t\t\t\t<td>\n\t\t\t\t\t\t<div>\n\t\t\t\t\t\t\t<p>The CDS-Immunization engine produced forecast</p>\n\t\t\t\t\t\t</div>\n\t\t\t\t\t</td>\n\t\t\t\t</tr>\n\t\t\t</table>\n\t\t\t<div>\n\n\t\t\t</div>\n\t\t</div>"
  },
  "url": "http://www.fhir.org/guides/ig-template/OperationDefinition/cdsi-forecast-operation",
  "name": "CDSi Forecast",
  "status": "draft",
  "kind": "operation",
  "date": "2015-05-05T00:34:00-05:00",
  "publisher": "NIST",
  "contact": [
    {
      "name": "System Administrator",
      "telecom": [
        {
          "system": "email",
          "value": "michael.indovina@nist.gov"
        }
      ]
    }
  ],
  "description": "This is a Clinicial Decision Support Immunization Forecast Request operation. It provides a standardized request and response interfaces to Immunization Forecasters.",
  "code": "cdsi-forecast",
  "comment": "Pilot implemented in AEGIS WildFHIR FHIR test client and server - http://wildfhir.aegis.net/fhir1-8-0-gui",
  "resource": [
    "Patient"
  ],
  "system": false,
  "type": true,
  "instance": false,
  "parameter": [
    {
      "name": "assessmentDate",
      "use": "in",
      "min": 1,
      "max": "1",
      "documentation": "The date on which to assess the forecast.",
      "type": "date"
    },
    {
      "name": "patient",
      "use": "in",
      "min": 1,
      "max": "1",
      "documentation": "Patient information - gender and birthDate only",
      "type": "Patient",
      "binding": {
        "strength": "required",
        "valueSetUri": "http://hl7.org/fhir/ValueSet/administrative-gender"
      }
    },
    {
      "name": "immunization",
      "use": "in",
      "min": 0,
      "max": "*",
      "documentation": "Patient immunization history",
      "type": "Immunization"
    },
    {
      "name": "recommendation",
      "use": "out",
      "min": 1,
      "max": "1",
      "documentation": "immunization recommendation",
      "type": "ImmunizationRecommendation"
    }
  ]
}