<?xml version="1.0" encoding="UTF-8"?><ValueSet xmlns="http://hl7.org/fhir"><id value="doseStatusReason-codes"/><meta><profile value="http://hl7.org/fhir/StructureDefinition/shareablevalueset"/></meta><text><status value="generated"/><div xmlns="http://www.w3.org/1999/xhtml"><h2>Vaccination Protocol Dose Status Reason codes</h2><div><p>A bunch of example codes</p>
</div><p>This value set includes codes from the following code systems:</p><ul><li>Include all codes defined in <a href="CodeSystem/doseStatusReason-codes.html"><code>http://www.fhir.org/guides/ig-template/CodeSystem/doseStatusReason-codes</code></a></li></ul></div></text><url value="http://www.fhir.org/guides/ig-template/ValueSet/doseStatusReason-codes"/><name value="Vaccination Protocol Dose Status Reason codes"/><status value="draft"/><date value="2017-10-27T16:07:56-04:00"/><contact><telecom><system value="url"/></telecom><telecom><system value="email"/></telecom></contact><description value="A bunch of example codes"/><immutable value="true"/><compose><include><system value="http://www.fhir.org/guides/ig-template/CodeSystem/doseStatusReason-codes"/></include></compose></ValueSet>