<?xml version="1.0" encoding="UTF-8"?><ValueSet xmlns="http://hl7.org/fhir"><id value="immRecDateCriterion-codes"/><meta><profile value="http://hl7.org/fhir/StructureDefinition/shareablevalueset"/></meta><text><status value="extensions"/><div xmlns="http://www.w3.org/1999/xhtml"><h2>Immunization Recommendation Date Criterion Codes&#xA0;</h2><div><p>a bunch of example codes</p>
</div><p>This value set includes codes from the following code systems:</p><ul><li>Include these codes as defined in <code>http://www.hl7.org/fhir/codesystem-immunization-recommendation-date-criterion.html</code><table class="none"><tr><td><b>Code</b></td><td><b>Display</b></td><td><b>Definition</b></td></tr><tr><td>earliest</td><td>Earliest Date</td><td>As early as possible.</td></tr><tr><td>recommended</td><td>Recommended</td><td>At the recommended date.</td></tr><tr><td>overdue</td><td>Past Due Date</td><td>Date the next dose is considered overdue.</td></tr><tr><td>latest</td><td>Latest</td><td>The latest date the next dose is to be given.</td></tr></table></li></ul></div></text><url value="http://www.fhir.org/guides/ig-template/ValueSet/immRecDateCriterion-codes"/><name value="Immunization Recommendation Date Criterion Codes&#xA0;"/><status value="draft"/><date value="2017-10-27T16:07:56-04:00"/><contact><telecom><system value="url"/></telecom><telecom><system value="email"/></telecom></contact><description value="a bunch of example codes"/><compose><include><system value="http://www.hl7.org/fhir/codesystem-immunization-recommendation-date-criterion.html"/><concept><extension url="http://hl7.org/fhir/StructureDefinition/valueset-definition"><valueString value="As early as possible."/></extension><code value="earliest"/><display value="Earliest Date"/></concept><concept><extension url="http://hl7.org/fhir/StructureDefinition/valueset-definition"><valueString value="At the recommended date."/></extension><code value="recommended"/><display value="Recommended"/></concept><concept><extension url="http://hl7.org/fhir/StructureDefinition/valueset-definition"><valueString value="Date the next dose is considered overdue."/></extension><code value="overdue"/><display value="Past Due Date"/></concept><concept><extension url="http://hl7.org/fhir/StructureDefinition/valueset-definition"><valueString value="The latest date the next dose is to be given."/></extension><code value="latest"/><display value="Latest"/></concept></include></compose></ValueSet>