{"resourceType":"ValueSet","id":"doseStatusReason-codes","meta":{"profile":["http://hl7.org/fhir/StructureDefinition/shareablevalueset"]},"text":{"status":"generated","div":"<div xmlns=\"http://www.w3.org/1999/xhtml\"><h2>Vaccination Protocol Dose Status Reason codes</h2><div><p>A bunch of example codes</p>\n</div><p>This value set includes codes from the following code systems:</p><ul><li>Include all codes defined in <a href=\"CodeSystem/doseStatusReason-codes.html\"><code>http://www.fhir.org/guides/ig-template/CodeSystem/doseStatusReason-codes</code></a></li></ul></div>"},"url":"http://www.fhir.org/guides/ig-template/ValueSet/doseStatusReason-codes","name":"Vaccination Protocol Dose Status Reason codes","status":"draft","date":"2017-10-27T16:07:56-04:00","contact":[{"telecom":[{"system":"url"},{"system":"email"}]}],"description":"A bunch of example codes","immutable":true,"compose":{"include":[{"system":"http://www.fhir.org/guides/ig-template/CodeSystem/doseStatusReason-codes"}]}}