{
  "resourceType": "ValueSet",
  "id": "forecastStatusReason-codes",
  "meta": {
    "profile": [
      "http://hl7.org/fhir/StructureDefinition/shareablevalueset"
    ]
  },
  "text": {
    "status": "generated",
    "div": "<div xmlns=\"http://www.w3.org/1999/xhtml\"><h2>Forecast Status Reason codes</h2><div><p>a bunch of example codes</p>\n</div><p>This value set includes codes from the following code systems:</p><ul><li>Include all codes defined in <a href=\"CodeSystem/forecastStatusReason-codes.html\"><code>http://www.fhir.org/guides/ig-template/CodeSystem/forecastStatusReason-codes</code></a></li></ul></div>"
  },
  "url": "http://www.fhir.org/guides/ig-template/ValueSet/forecastStatusReason-codes",
  "name": "Forecast Status Reason codes",
  "status": "draft",
  "date": "2017-10-27T16:07:56-04:00",
  "contact": [
    {
      "telecom": [
        {
          "system": "url"
        },
        {
          "system": "email"
        }
      ]
    }
  ],
  "description": "a bunch of example codes",
  "immutable": true,
  "compose": {
    "include": [
      {
        "system": "http://www.fhir.org/guides/ig-template/CodeSystem/forecastStatusReason-codes"
      }
    ]
  }
}