{
  "resourceType": "ValueSet",
  "id": "immRecDateCriterion-codes",
  "meta": {
    "profile": [
      "http://hl7.org/fhir/StructureDefinition/shareablevalueset"
    ]
  },
  "text": {
    "status": "extensions",
    "div": "<div xmlns=\"http://www.w3.org/1999/xhtml\"><h2>Immunization Recommendation Date Criterion Codes </h2><div><p>a bunch of example codes</p>\n</div><p>This value set includes codes from the following code systems:</p><ul><li>Include these codes as defined in <code>http://www.hl7.org/fhir/codesystem-immunization-recommendation-date-criterion.html</code><table class=\"none\"><tr><td><b>Code</b></td><td><b>Display</b></td><td><b>Definition</b></td></tr><tr><td>earliest</td><td>Earliest Date</td><td>As early as possible.</td></tr><tr><td>recommended</td><td>Recommended</td><td>At the recommended date.</td></tr><tr><td>overdue</td><td>Past Due Date</td><td>Date the next dose is considered overdue.</td></tr><tr><td>latest</td><td>Latest</td><td>The latest date the next dose is to be given.</td></tr></table></li></ul></div>"
  },
  "url": "http://www.fhir.org/guides/ig-template/ValueSet/immRecDateCriterion-codes",
  "name": "Immunization Recommendation Date Criterion Codes ",
  "status": "draft",
  "date": "2017-10-27T16:07:56-04:00",
  "contact": [
    {
      "telecom": [
        {
          "system": "url"
        },
        {
          "system": "email"
        }
      ]
    }
  ],
  "description": "a bunch of example codes",
  "compose": {
    "include": [
      {
        "system": "http://www.hl7.org/fhir/codesystem-immunization-recommendation-date-criterion.html",
        "concept": [
          {
            "extension": [
              {
                "url": "http://hl7.org/fhir/StructureDefinition/valueset-definition",
                "valueString": "As early as possible."
              }
            ],
            "code": "earliest",
            "display": "Earliest Date"
          },
          {
            "extension": [
              {
                "url": "http://hl7.org/fhir/StructureDefinition/valueset-definition",
                "valueString": "At the recommended date."
              }
            ],
            "code": "recommended",
            "display": "Recommended"
          },
          {
            "extension": [
              {
                "url": "http://hl7.org/fhir/StructureDefinition/valueset-definition",
                "valueString": "Date the next dose is considered overdue."
              }
            ],
            "code": "overdue",
            "display": "Past Due Date"
          },
          {
            "extension": [
              {
                "url": "http://hl7.org/fhir/StructureDefinition/valueset-definition",
                "valueString": "The latest date the next dose is to be given."
              }
            ],
            "code": "latest",
            "display": "Latest"
          }
        ]
      }
    ]
  }
}